<tcsTCSStatus>
  <tcsVersion>V1.8</tcsVersion>
  <accessMode>Operator</accessMode>
  <azCurrentWrap>-1</azCurrentWrap>
  <heartbeat>2081334</heartbeat>
  <inPositionIsTrue>true</inPositionIsTrue>
  <m1CoverState>Closed</m1CoverState>
  <mountGuideMode>OpenLoop</mountGuideMode>
  <rotCurrentWrap>-1</rotCurrentWrap>
  <tcsHealth>WARNING</tcsHealth>
  <tcsState>ENABLED</tcsState>
  <currentTimes>
    <lst>
      <hours>12</hours>
      <minutesTime>55</minutesTime>
      <secondsTime>41</secondsTime>
    </lst>
    <time>2020-09-14T20:44:15.228+00:00</time>
  </currentTimes>
  <limits>
    <moonProximity>
      <distance_deg>51.647106572866</distance_deg>
      <proximityFlag>false</proximityFlag>
    </moonProximity>
    <sunProximity>
      <distance_deg>16.531164188648</distance_deg>
      <proximityFlag>false</proximityFlag>
    </sunProximity>
    <zenith>
      <currentZD_deg>46.221286</currentZD_deg>
      <elZenithLimit_deg>89.3</elZenithLimit_deg>
      <inBlindSpotIsTrue>false</inBlindSpotIsTrue>
      <timeToBlindSpot_min>-1</timeToBlindSpot_min>
      <timeToBlindSpotExit_min>-1</timeToBlindSpotExit_min>
    </zenith>
    <airmass>1.4438282807451</airmass>
    <currentTimeToObservable_min>-1</currentTimeToObservable_min>
    <currentTimeToUnobservable_min>262</currentTimeToUnobservable_min>
    <timeToRotLimit_min>-1</timeToRotLimit_min>
    <timeToAzLimit_min>-1</timeToAzLimit_min>
  </limits>
  <pointingPositions>
    <azElError>
      <azError>-0.9792</azError>
      <elError>0.1584</elError>
    </azElError>
    <currentAzEl>
      <azimuth>
        <degreesArc>194</degreesArc>
        <minutesArc>45</minutesArc>
        <secondsArc>0.7</secondsArc>
      </azimuth>
      <elevation>
        <degreesAlt>43</degreesAlt>
        <minutesArc>46</minutesArc>
        <secondsArc>43.4</secondsArc>
      </elevation>
    </currentAzEl>
    <currentHA>
      <hours>0</hours>
      <minutesTime>44</minutesTime>
      <secondsTime>2.04</secondsTime>
    </currentHA>
    <currentRADec>
      <declination>
        <degreesDec>-10</degreesDec>
        <minutesArc>15</minutesArc>
        <secondsArc>25</secondsArc>
      </declination>
      <equinoxPrefix>J</equinoxPrefix>
      <equinoxYear>2000</equinoxYear>
      <frame>FK5</frame>
      <ra>
        <hours>12</hours>
        <minutesTime>10</minutesTime>
        <secondsTime>35.34</secondsTime>
      </ra>
    </currentRADec>
    <currentParAngle>12.557342470137</currentParAngle>
    <currentRotatorPositions>
      <rotPA>342.260103</rotPA>
      <iaa>185.2</iaa>
      <rotIPA>0</rotIPA>
    </currentRotatorPositions>
    <difftrackStatus>
      <dAz_ArcsPS>0</dAz_ArcsPS>
      <dEl_ArcsPS>0</dEl_ArcsPS>
      <dRA_ArcsPS>0</dRA_ArcsPS>
      <dDec_ArcsPS>0</dDec_ArcsPS>
    </difftrackStatus>
    <objectPA>
      <EqPA>-0</EqPA>
      <AzPA>12.557342470137</AzPA>
    </objectPA>
    <demandAzEl>
      <azimuth>
        <degreesArc>194</degreesArc>
        <minutesArc>45</minutesArc>
        <secondsArc>3.68</secondsArc>
      </azimuth>
      <elevation>
        <degreesAlt>43</degreesAlt>
        <minutesArc>46</minutesArc>
        <secondsArc>42.89</secondsArc>
      </elevation>
    </demandAzEl>
    <demandRADec>
      <declination>
        <degreesDec>-10</degreesDec>
        <minutesArc>15</minutesArc>
        <secondsArc>25</secondsArc>
      </declination>
      <equinoxPrefix>J</equinoxPrefix>
      <equinoxYear>2000</equinoxYear>
      <frame>FK5</frame>
      <ra>
        <hours>12</hours>
        <minutesTime>10</minutesTime>
        <secondsTime>35.24</secondsTime>
      </ra>
    </demandRADec>
    <demandRotatorPositions>
      <rotPA>342.259442</rotPA>
    </demandRotatorPositions>
    <targetName>unspecified</targetName>
  </pointingPositions>
  <OffsetStatus>
    <offsetType>SIMPLE</offsetType>
    <userOff1>0</userOff1>
    <userOff2>0</userOff2>
    <handsetOff1>0</handsetOff1>
    <handsetOff2>0</handsetOff2>
  </OffsetStatus>
  <axesTrackMode>All</axesTrackMode>
  <inPositionAzIsTrue>true</inPositionAzIsTrue>
  <inPositionElIsTrue>true</inPositionElIsTrue>
  <inPositionRotIsTrue>true</inPositionRotIsTrue>
  <externalTargetCfgCmdPreviewIsTrue>true</externalTargetCfgCmdPreviewIsTrue>
</tcsTCSStatus>