<tcsTCSStatus>
  <tcsVersion>V1.8</tcsVersion>
  <accessMode>Operator</accessMode>
  <azCurrentWrap>-1</azCurrentWrap>
  <heartbeat>57</heartbeat>
  <inPositionIsTrue>true</inPositionIsTrue>
  <m1CoverState>Closed</m1CoverState>
  <mountGuideMode>OpenLoop</mountGuideMode>
  <rotCurrentWrap>-1</rotCurrentWrap>
  <tcsHealth>GOOD</tcsHealth>
  <tcsState>ENABLED</tcsState>
  <currentTimes>
    <lst>
      <hours>20</hours>
      <minutesTime>49</minutesTime>
      <secondsTime>30.4</secondsTime>
    </lst>
    <time>2020-02-06T19:09:38.858+00:00</time>
  </currentTimes>
  <limits>
    <moonProximity>
      <distance_deg>148.86211804821</distance_deg>
      <proximityFlag>false</proximityFlag>
    </moonProximity>
    <sunProximity>
      <distance_deg>28.389088235282</distance_deg>
      <proximityFlag>false</proximityFlag>
    </sunProximity>
    <zenith>
      <currentZD_deg>31.647858</currentZD_deg>
      <elZenithLimit_deg>89.3</elZenithLimit_deg>
      <inBlindSpotIsTrue>false</inBlindSpotIsTrue>
      <timeToBlindSpot_min>-1</timeToBlindSpot_min>
      <timeToBlindSpotExit_min>-1</timeToBlindSpotExit_min>
    </zenith>
    <airmass>1.1742295123702</airmass>
    <currentTimeToObservable_min>-1</currentTimeToObservable_min>
    <currentTimeToUnobservable_min>301</currentTimeToUnobservable_min>
    <timeToRotLimit_min>-1</timeToRotLimit_min>
    <timeToAzLimit_min>-1</timeToAzLimit_min>
  </limits>
  <pointingPositions>
    <azElError>
      <azError>-1.35</azError>
      <elError>0.2412</elError>
    </azElError>
    <currentAzEl>
      <azimuth>
        <degreesArc>203</degreesArc>
        <minutesArc>8</minutesArc>
        <secondsArc>4.5</secondsArc>
      </azimuth>
      <elevation>
        <degreesAlt>58</degreesAlt>
        <minutesArc>21</minutesArc>
        <secondsArc>7.7</secondsArc>
      </elevation>
    </currentAzEl>
    <currentHA>
      <hours>0</hours>
      <minutesTime>48</minutesTime>
      <secondsTime>30.75</secondsTime>
    </currentHA>
    <currentRADec>
      <declination>
        <degreesDec>5</degreesDec>
        <minutesArc>0</minutesArc>
        <secondsArc>0.7</secondsArc>
      </declination>
      <equinoxPrefix>J</equinoxPrefix>
      <equinoxYear>2000</equinoxYear>
      <frame>FK5</frame>
      <ra>
        <hours>20</hours>
        <minutesTime>0</minutesTime>
        <secondsTime>0.08</secondsTime>
      </ra>
    </currentRADec>
    <currentParAngle>19.129385372038</currentParAngle>
    <currentRotatorPositions>
      <rotPA>335.547298</rotPA>
      <iaa>185.2</iaa>
      <rotIPA>0</rotIPA>
    </currentRotatorPositions>
    <difftrackStatus>
      <dAz_ArcsPS>0</dAz_ArcsPS>
      <dEl_ArcsPS>0</dEl_ArcsPS>
      <dRA_ArcsPS>-0.02875</dRA_ArcsPS>
      <dDec_ArcsPS>0.060433</dDec_ArcsPS>
    </difftrackStatus>
    <objectPA>
      <EqPA>-0</EqPA>
      <AzPA>19.129385372038</AzPA>
    </objectPA>
    <demandAzEl>
      <azimuth>
        <degreesArc>203</degreesArc>
        <minutesArc>8</minutesArc>
        <secondsArc>8.59</secondsArc>
      </azimuth>
      <elevation>
        <degreesAlt>58</degreesAlt>
        <minutesArc>21</minutesArc>
        <secondsArc>6.98</secondsArc>
      </elevation>
    </demandAzEl>
    <demandRADec>
      <declination>
        <degreesDec>5</degreesDec>
        <minutesArc>0</minutesArc>
        <secondsArc>0.7</secondsArc>
      </declination>
      <equinoxPrefix>J</equinoxPrefix>
      <equinoxYear>2000</equinoxYear>
      <frame>FK5</frame>
      <ra>
        <hours>19</hours>
        <minutesTime>59</minutesTime>
        <secondsTime>59.98</secondsTime>
      </ra>
    </demandRADec>
    <demandRotatorPositions>
      <rotPA>335.546432</rotPA>
    </demandRotatorPositions>
    <targetName>unspecified</targetName>
  </pointingPositions>
  <OffsetStatus>
    <offsetType>SIMPLE</offsetType>
    <userOff1>0</userOff1>
    <userOff2>0</userOff2>
    <handsetOff1>0</handsetOff1>
    <handsetOff2>0</handsetOff2>
  </OffsetStatus>
  <axesTrackMode>All</axesTrackMode>
  <inPositionAzIsTrue>true</inPositionAzIsTrue>
  <inPositionElIsTrue>true</inPositionElIsTrue>
  <inPositionRotIsTrue>true</inPositionRotIsTrue>
  <externalTargetCfgCmdPreviewIsTrue>true</externalTargetCfgCmdPreviewIsTrue>
</tcsTCSStatus>