<newScienceTarget>
  <demandRADec>
    <declination>
      <degreesDec>20</degreesDec>
      <minutesArc>0</minutesArc>
      <secondsArc>35</secondsArc>
    </declination>
    <equinoxPrefix>B</equinoxPrefix>
    <equinoxYear>2000</equinoxYear>
    <frame>FK4</frame>
    <ra>
      <hours>3</hours>
      <minutesTime>5</minutesTime>
      <secondsTime>20.64</secondsTime>
    </ra>
  </demandRADec>
  <pointingOriginX>0</pointingOriginX>
  <pointingOriginY>0</pointingOriginY>
  <scienceTargetConfiguration>
    <fracrate>1</fracrate>
    <rotator>
      <rotPA>0</rotPA>
      <rotatorFrame>Target</rotatorFrame>
    </rotator>
    <target class="TCSDataDefinitions.TCSCommand.TargetConfiguration.Target.FixedTarget.RADecTarget">
      <raDecParameters>
        <declination>
          <degreesDec>20</degreesDec>
          <minutesArc>0</minutesArc>
          <secondsArc>0</secondsArc>
        </declination>
        <equinoxPrefix>J</equinoxPrefix>
        <equinoxYear>2000</equinoxYear>
        <frame>FK5</frame>
        <ra>
          <hours>3</hours>
          <minutesTime>5</minutesTime>
          <secondsTime>0</secondsTime>
        </ra>
      </raDecParameters>
      <parallax_Arcsec>0</parallax_Arcsec>
      <properMotion>
        <epochPM_Yr>2021.208498</epochPM_Yr>
        <pmRA_masPYr>0</pmRA_masPYr>
        <pmDec_masPYr>0</pmDec_masPYr>
      </properMotion>
      <rv_kps>0</rv_kps>
      <targetName>unspecified</targetName>
      <difftrack class="TCSDataDefinitions.TCSCommand.TargetConfiguration.Target.DifftrackRADec">
        <dRA_ArcsPS>0</dRA_ArcsPS>
        <dDec_ArcsPS>0</dDec_ArcsPS>
      </difftrack>
    </target>
    <targetConfigName>unspecified</targetConfigName>
    <wl_microns>0.6</wl_microns>
    <commandID>0</commandID>
    <tcsErrorResponse>
      <status>false</status>
      <code>0</code>
      <source/>
    </tcsErrorResponse>
  </scienceTargetConfiguration>
  <trackID>59290.90347</trackID>
</newScienceTarget>