{
  "Arduino Focus Settings":{
    "Homed":[true,true],
    "Homing Parameters":{
      "ACC/DECEL STEPS/SEC^2":1000,
      "Direction":false,
      "EN/DIS?":true,
      "NUMBER OF  STEPS":13000,
      "SPEED STEPS/SEC":1000
    },
    "Port":"ArduinoFocus",
    "Positions":[300,200]
  },
  "Cryo Alarms":{
    "Enabled":false,
    "Reject Shutdown Temp":40,
    "Reject Temp Warning":20,
    "Temperature Error Max":4
  },
  "CryoCooler Settings":{
    "Cryo Addr":["Cooler1","Cooler2","Cooler3"]
  },
  "Detector Config PRIME":{"Detector":0,"Offsets":[[0,0,0,0,0,0,0,0,0,0,0,0,0,0,0,0,0,0,0,0,0,0,0,0,0,0,0,0,0,0,0,0]],"Detector Computer":{"Machine":"127.0.0.1","Password":"R!MAS1grb","FITS File Path":"/local/data/fermi-grb1/home/rimas/dev/h2rg/fitdat","Port":20750,"Header Path":"/local/data/fermi-grb1/home/rimas/dev/h2rg/header","Name":"PRIME"},"FITS hdr template0":"C:\\Users\\gsfcprime\\Documents\\LabVIEW Data\\FITS Templates\\header0.dat","FITS hdr template1":"C:\\Users\\gsfcprime\\Documents\\LabVIEW Data\\FITS Templates\\header1.dat","FITS Data File Path":"C:\\Users\\gsfcprime\\Documents\\LabVIEW Data\\PRIME FITS Images","FITS Detector Settings":{"Exp Time Short":1,"# of Frames":1,"Exp Time Long":2,"# of Groups":1,"Object Name":"Auto","Object":"","Obs Type":"","Image Type":"","Observer":"","Observer Affiliation":""},"Sim Folder":"C:\\Users\\gsfcprime\\Documents\\LabVIEW Data\\PRIME Simulation FITS Images","Integration Mode":"CDS","Integration Time":9,"Frame Int Time":3},
  "Detector Config RIMAS":{
    "Detector Computer":{
      "FITS File Path":"/local/data/fermi-grb1/home/rimas/dev/h2rg/fitdat",
      "Header Path":"/local/data/fermi-grb1/home/rimas/dev/h2rg/header",
      "Machine":"192.168.121.11",
      "Name":"RIMAS",
      "Password":"R!MAS1grb",
      "Port":44444
    },
    "Detector":0,
    "FITS Data File Path":"C:\\Users\\gsfcprime\\Documents\\LabVIEW Data\\PRIME FITS Images",
    "FITS Detector Settings":{
      "# of Frames":1,
      "# of Groups":1,
      "Exp Time Long":2,
      "Exp Time Short":1,
      "Image Type":"",
      "Object Name":"",
      "Object":"",
      "Obs Type":"",
      "Observer Affiliation":"",
      "Observer":""
    },
    "FITS hdr template0":"C:\\Users\\gsfcprime\\Documents\\LabVIEW Data\\FITS Templates\\header0.dat",
    "FITS hdr template1":"C:\\Users\\gsfcprime\\Documents\\LabVIEW Data\\FITS Templates\\header1.dat",
    "Frame Int Time":0,
    "Integration Mode":"SSR",
    "Integration Time":0,
    "Offsets":[
      [
        0,
        0,
        0,
        0,
        0,
        0,
        0,
        0,
        0,
        0,
        0,
        0,
        0,
        0,
        0,
        0,
        0,
        0,
        0,
        0,
        0,
        0,
        0,
        0,
        0,
        0,
        0,
        0,
        0,
        0,
        0,
        0
      ]
    ],
    "Sim Folder":"C:\\Users\\gsfcprime\\Documents\\LabVIEW Data\\PRIME Simulation FITS Images"
  },
  "Detector Config Simulation":{
    "Detector Computer":{
      "FITS File Path":"/local/data/fermi-grb1/home/rimas/dev/h2rg/fitdat",
      "Header Path":"/local/data/fermi-grb1/home/rimas/dev/h2rg/header",
      "Machine":"",
      "Name":"Simulation",
      "Password":"R!MAS1grb",
      "Port":44444
    },
    "Detector":0,
    "FITS Data File Path":"C:\\Users\\gsfcprime\\Documents\\LabVIEW Data\\PRIME FITS Images",
    "FITS Detector Settings":{
      "# of Frames":1,
      "# of Groups":1,
      "Exp Time Long":2,
      "Exp Time Short":1,
      "Image Type":"",
      "Object Name":"",
      "Object":"",
      "Obs Type":"",
      "Observer Affiliation":"",
      "Observer":""
    },
    "FITS hdr template0":"C:\\Users\\gsfcprime\\Documents\\LabVIEW Data\\FITS Templates\\header0.dat",
    "FITS hdr template1":"C:\\Users\\gsfcprime\\Documents\\LabVIEW Data\\FITS Templates\\header1.dat",
    "Frame Int Time":10,
    "Integration Mode":"SSR",
    "Integration Time":0,
    "Offsets":[
      [
        0,
        0,
        0,
        0,
        0,
        0,
        0,
        0,
        0,
        0,
        0,
        0,
        0,
        0,
        0,
        0,
        0,
        0,
        0,
        0,
        0,
        0,
        0,
        0,
        0,
        0,
        0,
        0,
        0,
        0,
        0,
        0
      ]
    ],
    "Sim Folder":"C:\\Users\\gsfcprime\\Documents\\LabVIEW Data\\PRIME Simulation FITS Images"
  },
  "Filter Wheel Settings RIMAS":{
    "Addr":"COM15",
    "Default Speed":200,
    "Filters":[
      {
        "Names":["Grism","Open","Vph30","Vph300","Y","J"],
        "Relative Position":[0,10000,17000,25000,33000,40000],
        "Size":50000,
        "Wheel Name":"FW YJ"
      },
      {
        "Names":["Grism","Open","Vph30","Vph300","H","K"],
        "Relative Position":[0,10000,17000,25000,33000,40000],
        "Size":50000,
        "Wheel Name":"FW HK"
      },
      {
        "Names":[
          "K",
          "Open",
          "blank",
          "Br-g",
          "H2",
          "2180",
          "2190"
        ],
        "Relative Position":[0,5560,11809,17908,23466,29016,34579],
        "Size":40141,
        "Wheel Name":"Aux"
      },
      {
        "Names":[
          "blank",
          "long",
          "250 um",
          "130 um",
          "80 um",
          "open"
        ],
        "Relative Position":[0,5667,12889,20111,27333,34222],
        "Size":40000,
        "Wheel Name":"Slit"
      }
    ],
    "Homing":[
      {
        "Accel":267,
        "Direction":true,
        "Error Cnts":300,
        "Homing Delta":3000,
        "Speed":400
      },
      {
        "Accel":160,
        "Direction":true,
        "Error Cnts":300,
        "Homing Delta":3250,
        "Speed":400
      },
      {
        "Accel":600,
        "Direction":true,
        "Error Cnts":300,
        "Homing Delta":-680,
        "Speed":400
      },
      {
        "Accel":800,
        "Direction":true,
        "Error Cnts":300,
        "Homing Delta":-1560,
        "Speed":400
      }
    ],
    "Invalid Combinations":[[]],
    "Name":"RIMAS",
    "Num Wheels":4,
    "Simulate":false
  },
  "Filter Wheel Settings Simulation":{
    "Addr":"COM15",
    "Default Speed":200,
    "Filters":[
      {
        "Names":["Grism","blocked","open","VPH","J","Y"],
        "Relative Position":[10000,7000,8000,8000,7000,10000],
        "Wheel Name":"FW YJ"
      },
      {
        "Names":["Grism","blocked","open","VPH","H","K"],
        "Relative Position":[10000,7000,8000,8000,7000,10000],
        "Wheel Name":"FW HK"
      },
      {
        "Names":[
          "135",
          "blocked",
          "80",
          "open 1",
          "250",
          "open"
        ],
        "Relative Position":[6000,6000,7000,7000,7000,7000],
        "Wheel Name":"Slit wheel"
      },
      {
        "Names":["A","B","C","D","E","F","G","H"],
        "Relative Position":[5000,5000,5000,5000,5000,5000,5000,5000],
        "Wheel Name":"FW aux"
      }
    ],
    "Homing Parameters":{
      "Accel":400,
      "Direction (F: CW)":true,
      "Error Cnts":100,
      "Homing Deltas":[3000,3000,-680,-1560],
      "Speed":150
    },
    "Invalid Combinations":[[]],
    "Name":"Simulation",
    "Num Wheels":4,
    "Simulate":true
  },
  "Focus Settings Arduino":{
    "Last Positions":[0,0],
    "Motion Settings":{
      "Steps Per Sec 2":100,
      "Steps Per Sec":100
    },
    "Type":"Arduino"
  },
  "Focus Settings Default":{
    "Last Positions":[300,200],
    "Motion Settings":{
      "Steps Per Sec 2":100,
      "Steps Per Sec":100
    },
    "Type":"Arduino"
  },
  "Hardware Settings":{
    "Installed Hardware":[
      {
        "All Instances":["Simulation","RIMAS"],
        "Curr Device Name":"Simulation",
        "Device Type Name":"filter wheel"
      },
      {
        "All Instances":["Simulation","Lakeshore 325"],
        "Curr Device Name":"Simulation",
        "Device Type Name":"temp control 1"
      },
      {
        "All Instances":["simulation","Lakeshore 331"],
        "Curr Device Name":"simulation",
        "Device Type Name":"temp control 2"
      },
      {
        "All Instances":["Simulation","Lowell","PRIME"],
        "Curr Device Name":"Simulation",
        "Device Type Name":"telescope"
      },
      {
        "All Instances":["Simulation","Lakeshore 218"],
        "Curr Device Name":"Simulation",
        "Device Type Name":"temp control 3"
      },
      {
        "All Instances":["Simulation","Arduino","New Focus"],
        "Curr Device Name":"Simulation",
        "Device Type Name":"focus"
      },
      {
        "All Instances":["Simulation","Lesker"],
        "Curr Device Name":"Simulation",
        "Device Type Name":"pressure monitor"
      },
      {
        "All Instances":["Simulation","RIMAS"],
        "Curr Device Name":"Simulation",
        "Device Type Name":"cryocooler"
      },
      {
        "All Instances":["Simulation","RIMAS","PRIME"],
        "Curr Device Name":"Simulation",
        "Device Type Name":"detector"
      }
    ]
  },
  "Homing Parameters":{
    "Accel":400,
    "Direction (F: CW)":true,
    "Error Cnts":300,
    "Homing Deltas":[3000,3250,-680,-1560],
    "Speed":200
  },
  "Homing":[
    {
      "Accel":400,
      "Direction":true,
      "Error Cnts":300,
      "Homing Delta":3000,
      "Speed":400
    },
    {
      "Accel":400,
      "Direction":true,
      "Error Cnts":300,
      "Homing Delta":3250,
      "Speed":400
    },
    {
      "Accel":400,
      "Direction":true,
      "Error Cnts":300,
      "Homing Delta":-680,
      "Speed":400
    },
    {
      "Accel":400,
      "Direction":true,
      "Error Cnts":300,
      "Homing Delta":-1560,
      "Speed":400
    }
  ],
  "LDT Telescope Settings":{
    "host":"tanagra.lowell.edu",
    "port":"61616"
  },
  "Lakeshore 331 Parameters":{
    "Control Parameters":{"D":0,"I":17,"P":80},
    "Default Range":1,
    "Heater Range":1,
    "Manual Power (%)":20,
    "Mode":0,
    "Setpoint":97
  },
  "Lakeshore 331":{
    "Addr":"Lakeshore-331",
    "Ch Prefix":"LS331",
    "Ch Select":[]
  },
  "Lakeshore331":{
    "Addr":"GPIB0::12::INSTR",
    "Ch Prefix":"",
    "Ch Select":[]
  },
  "Orion Parameters rimas pdu1":{
    "Password":"infrared",
    "URL":"192.168.121.218",
    "Username":"rimas"
  },
  "Orion Parameters rimas pdu2":{
    "Password":"infrared",
    "URL":"192.168.121.216",
    "Username":"rimas"
  },
  "Orion Parameters test program":{
    "Password":"infrared",
    "URL":"192.168.121.218",
    "Username":"rimas"
  },
  "Orion Parameters":{
    "Password":"infrared",
    "URL":"192.168.121.218",
    "Username":"rimas"
  },
  "PRIME Detector Settings":{
    "Python Server":"C:\\PycharmProjects\\asdetector"
  },
  "Pressur Monitor Settings":{
    "Enabled?":[true,false],
    "Filaments":[],
    "Lesker Addrs":["Lesker",""],
    "Pressure Alarm Level":10
  },
  "System Settings":{
    "HK Table Name":"",
    "Images Folder":"E:\\asdetector-data\\output\\raw\\20240112",
    "Obs File":""
  },
  "WebRelay10 Settings":{
    "Address":"192.168.121.216",
    "Names":[],
    "Port":80
  }
